
INSERT INTO TRAITS(TRAIT) VALUES ('EXTROVERT');
INSERT INTO TRAITS(TRAIT) VALUES ('LAGSPELARE');
INSERT INTO TRAITS(TRAIT) VALUES ('NISCHAD');
INSERT INTO TRAITS(TRAIT) VALUES ('NOGGRANNHET');
INSERT INTO TRAITS(TRAIT) VALUES ('RÄTTFRAM');

INSERT INTO PROFESSION (TITLE, TRAIT1, TRAIT2, POINTS1, POINTS2) VALUES ('LÄRARE', 'EXTROVERT', 'LAGSPELARE', 2, 1);
INSERT INTO PROFESSION (TITLE, TRAIT1, TRAIT2, POINTS1, POINTS2) VALUES ('PROGRAMMERARE', 'NISCHAD', 'NOGGRANNHET', 1, 2);
INSERT INTO PROFESSION (TITLE, TRAIT1, TRAIT2, POINTS1, POINTS2) VALUES ('BREVBÄRARE', 'EXTROVERT', 'RÄTTFRAM', 1, 2);
INSERT INTO PROFESSION (TITLE, TRAIT1, TRAIT2, POINTS1, POINTS2) VALUES ('POLIS', 'RÄTTFRAM', 'LAGSPELARE', 1, 2);
INSERT INTO PROFESSION (TITLE, TRAIT1, TRAIT2, POINTS1, POINTS2) VALUES ('FASTIGHETSMÄKLARE', 'EXTROVERT', 'NOGGRANNHET', 2, 1);

INSERT INTO QUESTIONS(QUESTION, ANSWER, TRAITS_TRAITSID) VALUES ('FÅR DU ENERGI NÄR DU UMGÅS MED ANDRA MÄNNISKOR?',0,1);
INSERT INTO QUESTIONS(QUESTION, ANSWER, TRAITS_TRAITSID) VALUES ('FÖREDRAR DU ATT JOBBA I GRUPP FRAMFÖR ATT JOBBA SJÄLVSTÄNDINGT?',0,2);
INSERT INTO QUESTIONS(QUESTION, ANSWER, TRAITS_TRAITSID) VALUES ('FÖREDRAR DU ATT ANVÄNDA EN BEPRÖVAD LÖSNING FRAMFÖR ATT TESTA NYA LÖSNINGAR?',0,3);
INSERT INTO QUESTIONS(QUESTION, ANSWER, TRAITS_TRAITSID) VALUES ('FÖREDRAR DU ATT HA EN PLAN FRAMFÖR ATT TA DET SOM DET KOMMER?',0,4);
INSERT INTO QUESTIONS(QUESTION, ANSWER, TRAITS_TRAITSID) VALUES ('OM DU INTE HÅLLER MED DIN KOLLEGA, SÄGER DU IFRÅN DÅ?',0,5);
INSERT INTO QUESTIONS(QUESTION, ANSWER, TRAITS_TRAITSID) VALUES ('FÅR DU ENERGI NÄR DU UMGÅS MED ANDRA MÄNNISKOR?',0,1);
INSERT INTO QUESTIONS(QUESTION, ANSWER, TRAITS_TRAITSID) VALUES ('FÖREDRAR DU ATT JOBBA I GRUPP FRAMFÖR ATT JOBBA SJÄLVSTÄNDINGT?',0,2);
INSERT INTO QUESTIONS(QUESTION, ANSWER, TRAITS_TRAITSID) VALUES ('FÖREDRAR DU ATT ANVÄNDA EN BEPRÖVAD LÖSNING FRAMFÖR ATT TESTA NYA LÖSNINGAR?',0,3);
INSERT INTO QUESTIONS(QUESTION, ANSWER, TRAITS_TRAITSID) VALUES ('FÖREDRAR DU ATT HA EN PLAN FRAMFÖR ATT TA DET SOM DET KOMMER?',0,4);
INSERT INTO QUESTIONS(QUESTION, ANSWER, TRAITS_TRAITSID) VALUES ('OM DU INTE HÅLLER MED DIN KOLLEGA, SÄGER DU IFRÅN DÅ?',0,5);
